Kim Jong-nam killing: Regime critic carried 'antidote',http://www.bbc.com/news/world-asia-42186034
North Korea's missile and nuclear programme,http://www.bbc.com/news/world-asia-41174689
North Korea's missile test,http://www.bbc.com/news/av/world-asia-42171557/north-korea-s-missile-test
North Korea: US urges all nations to cut ties,http://www.bbc.com/news/world-asia-42176042
North Korea: What could tip the balance,http://www.bbc.com/news/world-asia-42176552
Beijing�s balancing act over North Korea,http://www.bbc.com/news/world-asia-china-41236742
North Korea crisis in 300 words,http://www.bbc.com/news/world-asia-40871848
The Latest: Seoul: New ICBM has range to reach Washington,https://www.washingtonpost.com/world/asia_pacific/the-latest-germany-said-to-recall-a-diplomat-in-north-korea/2017/11/30/5f7c312a-d631-11e7-9ad9-ca0619edfa05_story.html
Why North Korea�s latest ballistic missile test is worrisome,https://www.washingtonpost.com/news/checkpoint/wp/2017/11/30/why-north-koreas-latest-ballistic-missile-test-is-worrisome/
The Latest: Russia opposes further isolation of North Korea,https://www.washingtonpost.com/world/asia_pacific/the-latest-russias-un-ambassador-urges-nkorea-restraint/2017/11/29/85f9ce2c-d567-11e7-9ad9-ca0619edfa05_story.html
Hawaii tests nuclear alarms as North Korea threat escalates,https://www.washingtonpost.com/national/hawaii-tests-nuclear-alarms-as-north-korea-threat-escalates/2017/12/01/8853a876-d6a9-11e7-b62d-d9345ced896d_story.html
McMaster: Potential for war with North Korea 'increasing every day',http://www.cnn.com/2017/12/02/politics/mcmaster-potential-war-north-korea/index.html
"North Korea's new ICBM likely broke up upon re-entry, US official says ",http://www.cnn.com/2017/12/02/asia/north-korea-missile-re-entry/index.html
Why an oil embargo won't stop North Korea,http://www.cnn.com/2017/12/01/opinions/china-north-korea-oil-embargo/index.html
