Kim Jong-nam killing: Regime critic carried 'antidote',http://www.bbc.com/news/world-asia-42186034
North Korea's missile and nuclear programme,http://www.bbc.com/news/world-asia-41174689
North Korea's missile test,http://www.bbc.com/news/av/world-asia-42171557/north-korea-s-missile-test
North Korea: US urges all nations to cut ties,http://www.bbc.com/news/world-asia-42176042
North Korea: What could tip the balance,http://www.bbc.com/news/world-asia-42176552
Beijing’s balancing act over North Korea,http://www.bbc.com/news/world-asia-china-41236742
North Korea crisis in 300 words,http://www.bbc.com/news/world-asia-40871848
Major fishing nations agree Arctic moratorium,http://www.bbc.com/news/world-42205184
Climate change: US report at odds with some in Trump team,http://www.bbc.com/news/world-us-canada-41868878
Cod and haddock 'may vanish' from Scotland's west coast,http://www.bbc.com/news/uk-scotland-highlands-islands-41816878
Russia country profile,http://www.bbc.com/news/world-europe-17839672
Trump-Russia: Flynn's dealings were 'lawful',http://www.bbc.com/news/world-us-canada-42209758
Trump-Russia inquiry: US leader says 'no collusion',http://www.bbc.com/news/av/world-us-canada-42210175/trump-russia-inquiry-us-leader-says-no-collusion
Michael Flynn: What next for Trump-Russia investigation?,http://www.bbc.com/news/av/world-us-canada-42161103/michael-flynn-what-next-for-trump-russia-investigation
